{
  "metadata": {
    "schemaVersion": "1.0",
    "importType": "LEX",
    "importFormat": "JSON"
  },
  "resource": {
    "description": "What level of investment risk would you like to take?",
    "name": "riskLevel",
    "version": "1",
    "enumerationValues": [
      {
        "value": "High"
      },
      {
        "value": "Very Low"
      },
      {
        "value": "Low"
      },
      {
        "value": "Medium"
      },
      {
        "value": "None"
      }
    ],
    "valueSelectionStrategy": "ORIGINAL_VALUE"
  }
}